{"RN ten Doeschate":{"economy":4},"J Yadav":{"economy":4.142857142857143},"V Kohli":{"economy":5.454545454545455},"R Ashwin":{"economy":5.846153846153846},"S Nadeem":{"economy":6.142857142857143},"Parvez Rasool":{"economy":6.2},"MC Henriques":{"economy":6.32},"Z Khan":{"economy":6.455172413793103},"MA Starc":{"economy":6.767441860465116},"GB Hogg":{"economy":6.857142857142857}}